{
    "Epoxy Resin": {
        "name": "Epoxy Resin",
        "description": "Epoxy resin refers to a type of reactive prepolymer and polymer containing epoxide groups. These resins react either with themselves in the presence of catalysts, or with many co-reactants like amines, phenols, thiols, etc. Epoxy resin has many industrial applications for a variety of purposes. The bonding power and physical strength of epoxy differ widely depending on the resin blend and hardener used, as well as the material to which the epoxy is bonded. In general, the tensile strength of epoxy resins can range from 5,000 to 6,000 psi. What Is Epoxy Resin Used In? General-purpose adhesives. Binder in cement and mortars. Rigid foams. Non Skid coatings. Solidifying sandy surfaces in oil drilling. Industrial coatings. Potting and encapsulating media. Fiber-reinforced plastics",
        "side": "false",
        "image_path": "\/public\/client\/uploads\/Epoxy Resin.jpg"
    },
    "Silicon Rubber": {
        "name": "Silicon Rubber",
        "description": "Silicone rubber (LSR) is a two-part silicone-based polymer joined together by a chemical bond. It's most commonly used to create injection molded parts for products used in industries such as automotive, food, appliances, textiles, and consumer goods. They are typically colorless oils or rubber-like substances. Silicones are used in sealants, adhesives, lubricants, medicine, cooking utensils, thermal insulation, and electrical insulation. Some common forms include silicone oil, silicone grease, silicone rubber, silicone resin, and silicone caulk. Silicone polymers constitute a major source of siloxanes. Silicone polymer is used in the sealant between the filter and the ceiling and as a sealant between wall boards. It is used for various applications to seal hard boards as well as soft tubes.",
        "side": "true",
        "image_path": "\/public\/client\/uploads\/Liquid Silicon.jpg"
    },
    "Liquid Rubber": {
        "name": "Liquid Rubber",
        "description": "What can Liquid Rubber be used for? Liquid Rubber can be used for waterproofing, as an air barrier, and protection against corrosion. The coating adheres to most surfaces \u2013 virtually anything that is not oil-based \u2013 including concrete, stone, metal, bitumen, wood, PVC, metals, and zinc, in any size. A Liquid  Rubber material is a two-part platinum-cured elastomer that can be injected into a mold cavity to manufacture a part. LSR is very versatile in the elastomer industry and is seen across a whole spectrum of parts from consumer products to medical devices and everything in between.",
        "side": "false",
        "image_path": "\/public\/client\/uploads\/Liquid rubber.jpg"
    },
    "Polyester Resin": {
        "name": "Polyester Resin",
        "description": "olyester resin is a low viscosity resin that is made from a chemical reaction of a diacid and an alcohol. Sheet molding compound (SMC) is a combination of polyester resin, glass fiber, calcium carbonate, and additives. Polyesters with glass fibers have good tensile strength and modulus. Poly resins are substances that can be used in a variety of ways including in the building of boats, the manufacture of different parts in model making, or in the production of ponds and swimming pools. Poly resins can also be used to create fiber composites, also recognized as a Duroplaste.",
        "side": "true",
        "image_path": "\/public\/client\/uploads\/polyester-resin-500x500 copy.jpg"
    },
    "Furan Resin and Furan Cement": {
        "name": "Furan Resin and Furan Cement",
        "description": "Furan Resin Mortar is widely used for acid resistant bricks tiles lining works as bedding jointing mortar for tanks, floor, drain, foundation, chemical reaction vessels, and neutralization pit etc. \u2022 It is resistant to non-oxidizing acids, alkalies, salt, solvents, greases, detergents and oils. \u2022 Furan Resin Mortar is to be used to resist hot highly concentrated alkalis, hydrofluoric acid etc. \u2022 Resistant to temperature: 170 deg C (max.) \u2022 Batch Num: FM\/156 \u2022 Mfg Date: 21.01.17 \u2022 Use within 12 months from mfg date \u2022 Keep in cool and dry place Preparation of Mortar: \u2022 In order to obtain good working consistency, the average mixing ratio is 1 pbw of solution and 3 pbw of powder. \u2022 This ratio will slightly vary depending upon the temperature and working conditions. \u2022 Prepare small batches of mortar. \u2022 Stir the solution thoroughly before use. \u2022 Place the solution in a suitable mixing pan and add powder in it. \u2022 Mix thoroughly with a spatula or trowel. \u2022 The mixing operation shall be continued until a uniform mixture is obtained. \u2022 Make sure that all the mortar is used from the mixing pan before another batch is prepared.",
        "side": "false",
        "image_path": "\/public\/client\/uploads\/Furan Powder and Furan Resin.jpeg"
    },
    "Sodium Silicate Powder": {
        "name": "Sodium Silicate Powder",
        "description": "The Sodium Silicate Powder is formed with a combination of alkali metal oxide, silica and water. Sodium Silicate Powder finds application in various chemical industries due to its qualitative features. The attributes are:- easy dissolvable,act as anti-oil agent filling agent,High strength etc.",
        "side": "true",
        "image_path": "\/public\/client\/uploads\/silicate-mortar-500x500 copy.jpg"
    },
    "Styrene Monomer": {
        "name": "Styrene Monomer",
        "description": "Styrene Monomer is a clear, colorless to yellow, oily liquid, with a sweet odor at low concentrations. It is used to make plastics, paints, synthetic rubbers, protective coatings, and resins.",
        "side": "false",
        "image_path": "\/public\/client\/uploads\/Styrene Monomer.jpg"
    },
    "Acetone": {
        "name": "Acetone",
        "description": "Acetone is a manufactured chemical that is also found naturally in the environment. It is a colorless liquid with a distinct smell and taste. It evaporates easily, is flammable, and dissolves in water. It is also called dimethyl ketone, 2-propanone, and beta-keto propane.",
        "side": "true",
        "image_path": "\/public\/client\/uploads\/Acetone.jpg"
    },
    "Vinyl Ester Resin": {
        "name": "Vinyl Ester Resin",
        "description": "Vinyl ester resin is a thermoset resin and is a product of reaction between Epoxy resin and Ethylene unsaturated carboxylic acids. It shows good mechanical properties of Epoxy resin and good chemical properties of Unsaturated polyester resin. Vinyl ester resins are used for demanding applications, including corrosion-resistant industrial tanks & pipes and pultruded profiles. Additionally, vinyl esters are often used in critical components for automotive and marine vehicles.",
        "side": "false",
        "image_path": "\/public\/client\/uploads\/Vinyl Ester Resin.jpg"
    },
    "Silica Gel": {
        "name": "Silica Gel",
        "description": "Silica gel is a hard, inert crystalline material available in granular, powder, or spherical bead forms. Commercial products are also available in which the gel is impregnated into other materials such as paper and foam polymers. Silica gel is non-combustible, non-corrosive, and non-toxic.",
        "side": "true",
        "image_path": "\/public\/client\/uploads\/Silica Gel.jpg"
    },
    "All-TITE (Strong Epoxy)": {
        "name": "All-TITE (Strong Epoxy)",
        "description": "All-TITE super strong epoxy glue is a type of adhesive used in Metals, Ceramics, Marble, Granite, PVC, Asbestos, Glass, Wood, Leather to make joints and create flawless joints. The usual ration of this epoxy mixture is of 10:8 in quantity and available on GLAROSBD.",
        "side": "false",
        "image_path": "\/public\/client\/uploads\/All tite strong epoxy.jpeg"
    },
    "Clear Glossy Resin (LAPOX)": {
        "name": "Clear Glossy Resin (LAPOX)",
        "description": "LAPOX crystal clear glossy resin is used to make or coat Table tops, Bars, Wood finishing, to coat artworks and more. It Reduces natural oxidization and hydration of your craft or furniture to preserve natural texture.",
        "side": "true",
        "image_path": "\/public\/client\/uploads\/Crystal clear resin.jpeg"
    },
    "Industrial Coating(LAPOX B-11)": {
        "name": "Industrial Coating(LAPOX B-11)",
        "description": "Lapox B-11 is an unmodified,\r\nmedium viscosity, liquid epoxy\r\nresin based on Bisphenol-A.\r\nWhen it is used with an\r\nappropriate epoxy curing agent,\r\nit provides an excellent\r\ncombination of mechanical,\r\nthermal, chemical and physical\r\nproperties. This coating is usually used in industrial environment.",
        "side": "false",
        "image_path": "\/public\/client\/uploads\/industrial coating.jpeg"
    },
    "High Alumina Cement": {
        "name": "High Alumina Cement",
        "description": "High alumina concrete is a common refractory\r\nmaterial. This kind of refractory material functions as\r\na tool to build high temperature kilns and furnaces.\r\nHigh quality high alumina cement concrete can work\r\nin high temperature environment of over 1000\r\ndegree Celsius\r\n\r\nHigh alumina concrete is also called\r\naluminum concrete. The main raw material\r\nof this kind of concrete comes from bauxite,\r\nother adhesives such as binder are added into\r\nit to bind together the raw material and\r\nameliorate the concrete\u2019s performance.\r\nBauxite contains more than 35% of alumina\r\noxide, which is the second hardest material\r\nin the world next to diamond. And the\r\nfractiousness of the product is amazingly\r\nover 1690 degree Celsius.",
        "side": "true",
        "image_path": "\/public\/client\/uploads\/high alumina.jpeg"
    },
    "Plaster Cement": {
        "name": "Plaster Cement",
        "description": "Plaster cement is for industrial plaster purposes only. It can stand up to high temperature and coldness and also strong of weather changes.",
        "side": "false",
        "image_path": "\/public\/client\/uploads\/Plaster cement.jpeg"
    },
    "Transparent Spray(OKS)": {
        "name": "Transparent Spray(OKS)",
        "description": "Fully synthetic adhesive lubricant for the lubrication of fast-running chains and machine elements indoors and outdoors that are subjected to high loads or corrosive influences.",
        "side": "true",
        "image_path": "\/public\/client\/uploads\/transparent spray.jpeg"
    },
    "Zinc Metal Spray (ZincKote-50)": {
        "name": "Zinc Metal Spray (ZincKote-50)",
        "description": "Zinc galvanized coatings have been developed to seal out moisture and prevent corrosion on metallic surfaces. They are highly resistant to salt water and acidic environments. They can replace hot dip coatings and can be used as a primer prior to painting.",
        "side": "false",
        "image_path": "\/public\/client\/uploads\/zinc spray.jpeg"
    }
}